<?xml version="1.0" encoding="UTF-8"?>
<config xmlns="http://www.knime.org/2008/09/XMLConfig" xmlns:xsi="http://www.w3.org/2001/XMLSchema-instance" xsi:schemaLocation="http://www.knime.org/2008/09/XMLConfig http://www.knime.org/XMLConfig_2008_09.xsd" key="model.xml">
    <entry key="version" type="xint" value="1"/>
    <entry key="class_name" type="xstring" value="org.knime.base.node.mine.treeensemble2.model.TreeEnsembleModelPortObjectSpec"/>
    <config key="model">
        <config key="learnSpec">
            <entry key="spec_name" type="xstring" value="default"/>
            <entry key="number_columns" type="xint" value="33"/>
            <config key="column_spec_0">
                <entry key="column_name" type="xstring" value="sender"/>
                <config key="element_names">
                    <entry key="array-size" type="xint" value="0"/>
                </config>
                <config key="column_type">
                    <entry key="cell_class" type="xstring" value="org.knime.core.data.def.StringCell"/>
                </config>
                <config key="column_domain">
                    <config key="possible_values">
                        <entry key="array-size" type="xint" value="59"/>
                        <config key="0">
                            <entry key="datacell" type="xstring" value="org.knime.core.data.def.StringCell"/>
                            <config key="org.knime.core.data.def.StringCell">
                                <entry key="StringCell" type="xstring" value="john.doe@example.com"/>
                            </config>
                        </config>
                        <config key="1">
                            <entry key="datacell" type="xstring" value="org.knime.core.data.def.StringCell"/>
                            <config key="org.knime.core.data.def.StringCell">
                                <entry key="StringCell" type="xstring" value="isiah_schmeler77@gmail.com"/>
                            </config>
                        </config>
                        <config key="2">
                            <entry key="datacell" type="xstring" value="org.knime.core.data.def.StringCell"/>
                            <config key="org.knime.core.data.def.StringCell">
                                <entry key="StringCell" type="xstring" value="elena_davis@syntheticmail.com"/>
                            </config>
                        </config>
                        <config key="3">
                            <entry key="datacell" type="xstring" value="org.knime.core.data.def.StringCell"/>
                            <config key="org.knime.core.data.def.StringCell">
                                <entry key="StringCell" type="xstring" value="isabella.wilson@example.com"/>
                            </config>
                        </config>
                        <config key="4">
                            <entry key="datacell" type="xstring" value="org.knime.core.data.def.StringCell"/>
                            <config key="org.knime.core.data.def.StringCell">
                                <entry key="StringCell" type="xstring" value="isiah.von@koch.org"/>
                            </config>
                        </config>
                        <config key="5">
                            <entry key="datacell" type="xstring" value="org.knime.core.data.def.StringCell"/>
                            <config key="org.knime.core.data.def.StringCell">
                                <entry key="StringCell" type="xstring" value="john.doe@examplecompany.com"/>
                            </config>
                        </config>
                        <config key="6">
                            <entry key="datacell" type="xstring" value="org.knime.core.data.def.StringCell"/>
                            <config key="org.knime.core.data.def.StringCell">
                                <entry key="StringCell" type="xstring" value="support@aetheros.com"/>
                            </config>
                        </config>
                        <config key="7">
                            <entry key="datacell" type="xstring" value="org.knime.core.data.def.StringCell"/>
                            <config key="org.knime.core.data.def.StringCell">
                                <entry key="StringCell" type="xstring" value="john.smith@example.com"/>
                            </config>
                        </config>
                        <config key="8">
                            <entry key="datacell" type="xstring" value="org.knime.core.data.def.StringCell"/>
                            <config key="org.knime.core.data.def.StringCell">
                                <entry key="StringCell" type="xstring" value="john.doe@acmecorp.com"/>
                            </config>
                        </config>
                        <config key="9">
                            <entry key="datacell" type="xstring" value="org.knime.core.data.def.StringCell"/>
                            <config key="org.knime.core.data.def.StringCell">
                                <entry key="StringCell" type="xstring" value="isiah_wuckert@dubuque.com"/>
                            </config>
                        </config>
                        <config key="10">
                            <entry key="datacell" type="xstring" value="org.knime.core.data.def.StringCell"/>
                            <config key="org.knime.core.data.def.StringCell">
                                <entry key="StringCell" type="xstring" value="kenneth96@sample.com"/>
                            </config>
                        </config>
                        <config key="11">
                            <entry key="datacell" type="xstring" value="org.knime.core.data.def.StringCell"/>
                            <config key="org.knime.core.data.def.StringCell">
                                <entry key="StringCell" type="xstring" value="isiah_schultz@brown.net"/>
                            </config>
                        </config>
                        <config key="12">
                            <entry key="datacell" type="xstring" value="org.knime.core.data.def.StringCell"/>
                            <config key="org.knime.core.data.def.StringCell">
                                <entry key="StringCell" type="xstring" value="isabella.rodriguez@example.com"/>
                            </config>
                        </config>
                        <config key="13">
                            <entry key="datacell" type="xstring" value="org.knime.core.data.def.StringCell"/>
                            <config key="org.knime.core.data.def.StringCell">
                                <entry key="StringCell" type="xstring" value="kenneth75@davis-jones.com"/>
                            </config>
                        </config>
                        <config key="14">
                            <entry key="datacell" type="xstring" value="org.knime.core.data.def.StringCell"/>
                            <config key="org.knime.core.data.def.StringCell">
                                <entry key="StringCell" type="xstring" value="isiah_ritchie@example.net"/>
                            </config>
                        </config>
                        <config key="15">
                            <entry key="datacell" type="xstring" value="org.knime.core.data.def.StringCell"/>
                            <config key="org.knime.core.data.def.StringCell">
                                <entry key="StringCell" type="xstring" value="isiah.mcdermott@example.net"/>
                            </config>
                        </config>
                        <config key="16">
                            <entry key="datacell" type="xstring" value="org.knime.core.data.def.StringCell"/>
                            <config key="org.knime.core.data.def.StringCell">
                                <entry key="StringCell" type="xstring" value="isiah.baumbach@example.com"/>
                            </config>
                        </config>
                        <config key="17">
                            <entry key="datacell" type="xstring" value="org.knime.core.data.def.StringCell"/>
                            <config key="org.knime.core.data.def.StringCell">
                                <entry key="StringCell" type="xstring" value="isabella.williams@example.com"/>
                            </config>
                        </config>
                        <config key="18">
                            <entry key="datacell" type="xstring" value="org.knime.core.data.def.StringCell"/>
                            <config key="org.knime.core.data.def.StringCell">
                                <entry key="StringCell" type="xstring" value="isiah_rippin@koelpin.net"/>
                            </config>
                        </config>
                        <config key="19">
                            <entry key="datacell" type="xstring" value="org.knime.core.data.def.StringCell"/>
                            <config key="org.knime.core.data.def.StringCell">
                                <entry key="StringCell" type="xstring" value="isabella.miller@qwickbit.net"/>
                            </config>
                        </config>
                        <config key="20">
                            <entry key="datacell" type="xstring" value="org.knime.core.data.def.StringCell"/>
                            <config key="org.knime.core.data.def.StringCell">
                                <entry key="StringCell" type="xstring" value="isabella.davis@example.com"/>
                            </config>
                        </config>
                        <config key="21">
                            <entry key="datacell" type="xstring" value="org.knime.core.data.def.StringCell"/>
                            <config key="org.knime.core.data.def.StringCell">
                                <entry key="StringCell" type="xstring" value="john.doe@examplemail.com"/>
                            </config>
                        </config>
                        <config key="22">
                            <entry key="datacell" type="xstring" value="org.knime.core.data.def.StringCell"/>
                            <config key="org.knime.core.data.def.StringCell">
                                <entry key="StringCell" type="xstring" value="isiah_schmeler83@reichert.com"/>
                            </config>
                        </config>
                        <config key="23">
                            <entry key="datacell" type="xstring" value="org.knime.core.data.def.StringCell"/>
                            <config key="org.knime.core.data.def.StringCell">
                                <entry key="StringCell" type="xstring" value="kenneth61@sample.com"/>
                            </config>
                        </config>
                        <config key="24">
                            <entry key="datacell" type="xstring" value="org.knime.core.data.def.StringCell"/>
                            <config key="org.knime.core.data.def.StringCell">
                                <entry key="StringCell" type="xstring" value="kenneth75@davis-williams.com"/>
                            </config>
                        </config>
                        <config key="25">
                            <entry key="datacell" type="xstring" value="org.knime.core.data.def.StringCell"/>
                            <config key="org.knime.core.data.def.StringCell">
                                <entry key="StringCell" type="xstring" value="isabelle.davis@example.com"/>
                            </config>
                        </config>
                        <config key="26">
                            <entry key="datacell" type="xstring" value="org.knime.core.data.def.StringCell"/>
                            <config key="org.knime.core.data.def.StringCell">
                                <entry key="StringCell" type="xstring" value="isiah_rath@gmail.com"/>
                            </config>
                        </config>
                        <config key="27">
                            <entry key="datacell" type="xstring" value="org.knime.core.data.def.StringCell"/>
                            <config key="org.knime.core.data.def.StringCell">
                                <entry key="StringCell" type="xstring" value="isabella.jones@example.net"/>
                            </config>
                        </config>
                        <config key="28">
                            <entry key="datacell" type="xstring" value="org.knime.core.data.def.StringCell"/>
                            <config key="org.knime.core.data.def.StringCell">
                                <entry key="StringCell" type="xstring" value="isiah_schmeler85@dubuque.com"/>
                            </config>
                        </config>
                        <config key="29">
                            <entry key="datacell" type="xstring" value="org.knime.core.data.def.StringCell"/>
                            <config key="org.knime.core.data.def.StringCell">
                                <entry key="StringCell" type="xstring" value="isiah.wintheiser@example.com"/>
                            </config>
                        </config>
                        <config key="30">
                            <entry key="datacell" type="xstring" value="org.knime.core.data.def.StringCell"/>
                            <config key="org.knime.core.data.def.StringCell">
                                <entry key="StringCell" type="xstring" value="isabella.jones@example.com"/>
                            </config>
                        </config>
                        <config key="31">
                            <entry key="datacell" type="xstring" value="org.knime.core.data.def.StringCell"/>
                            <config key="org.knime.core.data.def.StringCell">
                                <entry key="StringCell" type="xstring" value="isabella.wilson@mailinator.com"/>
                            </config>
                        </config>
                        <config key="32">
                            <entry key="datacell" type="xstring" value="org.knime.core.data.def.StringCell"/>
                            <config key="org.knime.core.data.def.StringCell">
                                <entry key="StringCell" type="xstring" value="isiah.okon@gmail.com"/>
                            </config>
                        </config>
                        <config key="33">
                            <entry key="datacell" type="xstring" value="org.knime.core.data.def.StringCell"/>
                            <config key="org.knime.core.data.def.StringCell">
                                <entry key="StringCell" type="xstring" value="isiah_schmeler64@gmail.com"/>
                            </config>
                        </config>
                        <config key="34">
                            <entry key="datacell" type="xstring" value="org.knime.core.data.def.StringCell"/>
                            <config key="org.knime.core.data.def.StringCell">
                                <entry key="StringCell" type="xstring" value="isiah_schmeler28@gmail.com"/>
                            </config>
                        </config>
                        <config key="35">
                            <entry key="datacell" type="xstring" value="org.knime.core.data.def.StringCell"/>
                            <config key="org.knime.core.data.def.StringCell">
                                <entry key="StringCell" type="xstring" value="isiah_schmeler95@gmail.com"/>
                            </config>
                        </config>
                        <config key="36">
                            <entry key="datacell" type="xstring" value="org.knime.core.data.def.StringCell"/>
                            <config key="org.knime.core.data.def.StringCell">
                                <entry key="StringCell" type="xstring" value="isiah_schmeler72@daugherty.com"/>
                            </config>
                        </config>
                        <config key="37">
                            <entry key="datacell" type="xstring" value="org.knime.core.data.def.StringCell"/>
                            <config key="org.knime.core.data.def.StringCell">
                                <entry key="StringCell" type="xstring" value="isiah_rippin@hahn.net"/>
                            </config>
                        </config>
                        <config key="38">
                            <entry key="datacell" type="xstring" value="org.knime.core.data.def.StringCell"/>
                            <config key="org.knime.core.data.def.StringCell">
                                <entry key="StringCell" type="xstring" value="John Doe &lt;johndoe@example.com&gt;"/>
                            </config>
                        </config>
                        <config key="39">
                            <entry key="datacell" type="xstring" value="org.knime.core.data.def.StringCell"/>
                            <config key="org.knime.core.data.def.StringCell">
                                <entry key="StringCell" type="xstring" value="isabella.martinez@example.net"/>
                            </config>
                        </config>
                        <config key="40">
                            <entry key="datacell" type="xstring" value="org.knime.core.data.def.StringCell"/>
                            <config key="org.knime.core.data.def.StringCell">
                                <entry key="StringCell" type="xstring" value="harvey.davies@example.net"/>
                            </config>
                        </config>
                        <config key="41">
                            <entry key="datacell" type="xstring" value="org.knime.core.data.def.StringCell"/>
                            <config key="org.knime.core.data.def.StringCell">
                                <entry key="StringCell" type="xstring" value="kenneth73@davis.com"/>
                            </config>
                        </config>
                        <config key="42">
                            <entry key="datacell" type="xstring" value="org.knime.core.data.def.StringCell"/>
                            <config key="org.knime.core.data.def.StringCell">
                                <entry key="StringCell" type="xstring" value="kenneth_83@example.net"/>
                            </config>
                        </config>
                        <config key="43">
                            <entry key="datacell" type="xstring" value="org.knime.core.data.def.StringCell"/>
                            <config key="org.knime.core.data.def.StringCell">
                                <entry key="StringCell" type="xstring" value="marcus.phillips@deltasolutions.com"/>
                            </config>
                        </config>
                        <config key="44">
                            <entry key="datacell" type="xstring" value="org.knime.core.data.def.StringCell"/>
                            <config key="org.knime.core.data.def.StringCell">
                                <entry key="StringCell" type="xstring" value="isiah_rippin@dicki.net"/>
                            </config>
                        </config>
                        <config key="45">
                            <entry key="datacell" type="xstring" value="org.knime.core.data.def.StringCell"/>
                            <config key="org.knime.core.data.def.StringCell">
                                <entry key="StringCell" type="xstring" value="harvey.bergnaum@yahoo.com"/>
                            </config>
                        </config>
                        <config key="46">
                            <entry key="datacell" type="xstring" value="org.knime.core.data.def.StringCell"/>
                            <config key="org.knime.core.data.def.StringCell">
                                <entry key="StringCell" type="xstring" value="isabella.wood@qmail.com"/>
                            </config>
                        </config>
                        <config key="47">
                            <entry key="datacell" type="xstring" value="org.knime.core.data.def.StringCell"/>
                            <config key="org.knime.core.data.def.StringCell">
                                <entry key="StringCell" type="xstring" value="isiah_schmeler71@daugherty.net"/>
                            </config>
                        </config>
                        <config key="48">
                            <entry key="datacell" type="xstring" value="org.knime.core.data.def.StringCell"/>
                            <config key="org.knime.core.data.def.StringCell">
                                <entry key="StringCell" type="xstring" value="john.smith@examplecompany.com"/>
                            </config>
                        </config>
                        <config key="49">
                            <entry key="datacell" type="xstring" value="org.knime.core.data.def.StringCell"/>
                            <config key="org.knime.core.data.def.StringCell">
                                <entry key="StringCell" type="xstring" value="john.doe@exampletech.com"/>
                            </config>
                        </config>
                        <config key="50">
                            <entry key="datacell" type="xstring" value="org.knime.core.data.def.StringCell"/>
                            <config key="org.knime.core.data.def.StringCell">
                                <entry key="StringCell" type="xstring" value="devon.becker@dubuque.com"/>
                            </config>
                        </config>
                        <config key="51">
                            <entry key="datacell" type="xstring" value="org.knime.core.data.def.StringCell"/>
                            <config key="org.knime.core.data.def.StringCell">
                                <entry key="StringCell" type="xstring" value="isabella.rodriguez@quantaneo.com"/>
                            </config>
                        </config>
                        <config key="52">
                            <entry key="datacell" type="xstring" value="org.knime.core.data.def.StringCell"/>
                            <config key="org.knime.core.data.def.StringCell">
                                <entry key="StringCell" type="xstring" value="kenneth64@davis-jones.com"/>
                            </config>
                        </config>
                        <config key="53">
                            <entry key="datacell" type="xstring" value="org.knime.core.data.def.StringCell"/>
                            <config key="org.knime.core.data.def.StringCell">
                                <entry key="StringCell" type="xstring" value="isabella.davis@example.net"/>
                            </config>
                        </config>
                        <config key="54">
                            <entry key="datacell" type="xstring" value="org.knime.core.data.def.StringCell"/>
                            <config key="org.knime.core.data.def.StringCell">
                                <entry key="StringCell" type="xstring" value="john.doe@examplecorp.com"/>
                            </config>
                        </config>
                        <config key="55">
                            <entry key="datacell" type="xstring" value="org.knime.core.data.def.StringCell"/>
                            <config key="org.knime.core.data.def.StringCell">
                                <entry key="StringCell" type="xstring" value="isabella.martin@example.com"/>
                            </config>
                        </config>
                        <config key="56">
                            <entry key="datacell" type="xstring" value="org.knime.core.data.def.StringCell"/>
                            <config key="org.knime.core.data.def.StringCell">
                                <entry key="StringCell" type="xstring" value="alvaradocarol@sample.com"/>
                            </config>
                        </config>
                        <config key="57">
                            <entry key="datacell" type="xstring" value="org.knime.core.data.def.StringCell"/>
                            <config key="org.knime.core.data.def.StringCell">
                                <entry key="StringCell" type="xstring" value="nathaniel_davis@example.net"/>
                            </config>
                        </config>
                        <config key="58">
                            <entry key="datacell" type="xstring" value="org.knime.core.data.def.StringCell"/>
                            <config key="org.knime.core.data.def.StringCell">
                                <entry key="StringCell" type="xstring" value="isabella.cruz@example.net"/>
                            </config>
                        </config>
                    </config>
                </config>
                <config key="column_properties"/>
                <config key="meta_data"/>
            </config>
            <config key="column_spec_1">
                <entry key="column_name" type="xstring" value="receiver"/>
                <config key="element_names">
                    <entry key="array-size" type="xint" value="0"/>
                </config>
                <config key="column_type">
                    <entry key="cell_class" type="xstring" value="org.knime.core.data.def.StringCell"/>
                </config>
                <config key="column_domain">
                    <config key="possible_values">
                        <entry key="array-size" type="xint" value="6"/>
                        <config key="0">
                            <entry key="datacell" type="xstring" value="org.knime.core.data.def.StringCell"/>
                            <config key="org.knime.core.data.def.StringCell">
                                <entry key="StringCell" type="xstring" value="support@aetheros.com"/>
                            </config>
                        </config>
                        <config key="1">
                            <entry key="datacell" type="xstring" value="org.knime.core.data.def.StringCell"/>
                            <config key="org.knime.core.data.def.StringCell">
                                <entry key="StringCell" type="xstring" value="support@aetheros.tech"/>
                            </config>
                        </config>
                        <config key="2">
                            <entry key="datacell" type="xstring" value="org.knime.core.data.def.StringCell"/>
                            <config key="org.knime.core.data.def.StringCell">
                                <entry key="StringCell" type="xstring" value="Aetheros Support &lt;support@aetheros.com&gt;"/>
                            </config>
                        </config>
                        <config key="3">
                            <entry key="datacell" type="xstring" value="org.knime.core.data.def.StringCell"/>
                            <config key="org.knime.core.data.def.StringCell">
                                <entry key="StringCell" type="xstring" value="john.doe@examplecompany.com"/>
                            </config>
                        </config>
                        <config key="4">
                            <entry key="datacell" type="xstring" value="org.knime.core.data.def.StringCell"/>
                            <config key="org.knime.core.data.def.StringCell">
                                <entry key="StringCell" type="xstring" value="support@aetheros.io"/>
                            </config>
                        </config>
                        <config key="5">
                            <entry key="datacell" type="xstring" value="org.knime.core.data.def.StringCell"/>
                            <config key="org.knime.core.data.def.StringCell">
                                <entry key="StringCell" type="xstring" value="john.doe@example.com"/>
                            </config>
                        </config>
                    </config>
                </config>
                <config key="column_properties"/>
                <config key="meta_data"/>
            </config>
            <config key="column_spec_2">
                <entry key="column_name" type="xstring" value="Split Value 1"/>
                <config key="element_names">
                    <entry key="array-size" type="xint" value="0"/>
                </config>
                <config key="column_type">
                    <entry key="cell_class" type="xstring" value="org.knime.core.data.def.DoubleCell"/>
                </config>
                <config key="column_domain">
                    <config key="lower_bound">
                        <entry key="datacell" type="xstring" value="org.knime.core.data.def.DoubleCell"/>
                        <config key="org.knime.core.data.def.DoubleCell">
                            <entry key="DoubleCell" type="xdouble" value="-0.05692861004111667"/>
                        </config>
                    </config>
                    <config key="upper_bound">
                        <entry key="datacell" type="xstring" value="org.knime.core.data.def.DoubleCell"/>
                        <config key="org.knime.core.data.def.DoubleCell">
                            <entry key="DoubleCell" type="xdouble" value="0.02829038716542224"/>
                        </config>
                    </config>
                </config>
                <config key="column_properties"/>
                <config key="meta_data"/>
            </config>
            <config key="column_spec_3">
                <entry key="column_name" type="xstring" value="Split Value 2"/>
                <config key="element_names">
                    <entry key="array-size" type="xint" value="0"/>
                </config>
                <config key="column_type">
                    <entry key="cell_class" type="xstring" value="org.knime.core.data.def.DoubleCell"/>
                </config>
                <config key="column_domain">
                    <config key="lower_bound">
                        <entry key="datacell" type="xstring" value="org.knime.core.data.def.DoubleCell"/>
                        <config key="org.knime.core.data.def.DoubleCell">
                            <entry key="DoubleCell" type="xdouble" value="-0.07735589891672134"/>
                        </config>
                    </config>
                    <config key="upper_bound">
                        <entry key="datacell" type="xstring" value="org.knime.core.data.def.DoubleCell"/>
                        <config key="org.knime.core.data.def.DoubleCell">
                            <entry key="DoubleCell" type="xdouble" value="0.018340155482292175"/>
                        </config>
                    </config>
                </config>
                <config key="column_properties"/>
                <config key="meta_data"/>
            </config>
            <config key="column_spec_4">
                <entry key="column_name" type="xstring" value="Split Value 3"/>
                <config key="element_names">
                    <entry key="array-size" type="xint" value="0"/>
                </config>
                <config key="column_type">
                    <entry key="cell_class" type="xstring" value="org.knime.core.data.def.DoubleCell"/>
                </config>
                <config key="column_domain">
                    <config key="lower_bound">
                        <entry key="datacell" type="xstring" value="org.knime.core.data.def.DoubleCell"/>
                        <config key="org.knime.core.data.def.DoubleCell">
                            <entry key="DoubleCell" type="xdouble" value="-0.09534804481599066"/>
                        </config>
                    </config>
                    <config key="upper_bound">
                        <entry key="datacell" type="xstring" value="org.knime.core.data.def.DoubleCell"/>
                        <config key="org.knime.core.data.def.DoubleCell">
                            <entry key="DoubleCell" type="xdouble" value="8.006797999971461E-4"/>
                        </config>
                    </config>
                </config>
                <config key="column_properties"/>
                <config key="meta_data"/>
            </config>
            <config key="column_spec_5">
                <entry key="column_name" type="xstring" value="Split Value 4"/>
                <config key="element_names">
                    <entry key="array-size" type="xint" value="0"/>
                </config>
                <config key="column_type">
                    <entry key="cell_class" type="xstring" value="org.knime.core.data.def.DoubleCell"/>
                </config>
                <config key="column_domain">
                    <config key="lower_bound">
                        <entry key="datacell" type="xstring" value="org.knime.core.data.def.DoubleCell"/>
                        <config key="org.knime.core.data.def.DoubleCell">
                            <entry key="DoubleCell" type="xdouble" value="-0.007848757784813643"/>
                        </config>
                    </config>
                    <config key="upper_bound">
                        <entry key="datacell" type="xstring" value="org.knime.core.data.def.DoubleCell"/>
                        <config key="org.knime.core.data.def.DoubleCell">
                            <entry key="DoubleCell" type="xdouble" value="0.06944111213088036"/>
                        </config>
                    </config>
                </config>
                <config key="column_properties"/>
                <config key="meta_data"/>
            </config>
            <config key="column_spec_6">
                <entry key="column_name" type="xstring" value="Split Value 5"/>
                <config key="element_names">
                    <entry key="array-size" type="xint" value="0"/>
                </config>
                <config key="column_type">
                    <entry key="cell_class" type="xstring" value="org.knime.core.data.def.DoubleCell"/>
                </config>
                <config key="column_domain">
                    <config key="lower_bound">
                        <entry key="datacell" type="xstring" value="org.knime.core.data.def.DoubleCell"/>
                        <config key="org.knime.core.data.def.DoubleCell">
                            <entry key="DoubleCell" type="xdouble" value="-0.025216675152478274"/>
                        </config>
                    </config>
                    <config key="upper_bound">
                        <entry key="datacell" type="xstring" value="org.knime.core.data.def.DoubleCell"/>
                        <config key="org.knime.core.data.def.DoubleCell">
                            <entry key="DoubleCell" type="xdouble" value="0.05303088738583028"/>
                        </config>
                    </config>
                </config>
                <config key="column_properties"/>
                <config key="meta_data"/>
            </config>
            <config key="column_spec_7">
                <entry key="column_name" type="xstring" value="Split Value 6"/>
                <config key="element_names">
                    <entry key="array-size" type="xint" value="0"/>
                </config>
                <config key="column_type">
                    <entry key="cell_class" type="xstring" value="org.knime.core.data.def.DoubleCell"/>
                </config>
                <config key="column_domain">
                    <config key="lower_bound">
                        <entry key="datacell" type="xstring" value="org.knime.core.data.def.DoubleCell"/>
                        <config key="org.knime.core.data.def.DoubleCell">
                            <entry key="DoubleCell" type="xdouble" value="-0.06758092822773115"/>
                        </config>
                    </config>
                    <config key="upper_bound">
                        <entry key="datacell" type="xstring" value="org.knime.core.data.def.DoubleCell"/>
                        <config key="org.knime.core.data.def.DoubleCell">
                            <entry key="DoubleCell" type="xdouble" value="0.015954423967438437"/>
                        </config>
                    </config>
                </config>
                <config key="column_properties"/>
                <config key="meta_data"/>
            </config>
            <config key="column_spec_8">
                <entry key="column_name" type="xstring" value="Split Value 7"/>
                <config key="element_names">
                    <entry key="array-size" type="xint" value="0"/>
                </config>
                <config key="column_type">
                    <entry key="cell_class" type="xstring" value="org.knime.core.data.def.DoubleCell"/>
                </config>
                <config key="column_domain">
                    <config key="lower_bound">
                        <entry key="datacell" type="xstring" value="org.knime.core.data.def.DoubleCell"/>
                        <config key="org.knime.core.data.def.DoubleCell">
                            <entry key="DoubleCell" type="xdouble" value="-0.08051103087408203"/>
                        </config>
                    </config>
                    <config key="upper_bound">
                        <entry key="datacell" type="xstring" value="org.knime.core.data.def.DoubleCell"/>
                        <config key="org.knime.core.data.def.DoubleCell">
                            <entry key="DoubleCell" type="xdouble" value="0.008693669363856314"/>
                        </config>
                    </config>
                </config>
                <config key="column_properties"/>
                <config key="meta_data"/>
            </config>
            <config key="column_spec_9">
                <entry key="column_name" type="xstring" value="Split Value 8"/>
                <config key="element_names">
                    <entry key="array-size" type="xint" value="0"/>
                </config>
                <config key="column_type">
                    <entry key="cell_class" type="xstring" value="org.knime.core.data.def.DoubleCell"/>
                </config>
                <config key="column_domain">
                    <config key="lower_bound">
                        <entry key="datacell" type="xstring" value="org.knime.core.data.def.DoubleCell"/>
                        <config key="org.knime.core.data.def.DoubleCell">
                            <entry key="DoubleCell" type="xdouble" value="-0.0679982801899314"/>
                        </config>
                    </config>
                    <config key="upper_bound">
                        <entry key="datacell" type="xstring" value="org.knime.core.data.def.DoubleCell"/>
                        <config key="org.knime.core.data.def.DoubleCell">
                            <entry key="DoubleCell" type="xdouble" value="0.011616128652046124"/>
                        </config>
                    </config>
                </config>
                <config key="column_properties"/>
                <config key="meta_data"/>
            </config>
            <config key="column_spec_10">
                <entry key="column_name" type="xstring" value="Split Value 9"/>
                <config key="element_names">
                    <entry key="array-size" type="xint" value="0"/>
                </config>
                <config key="column_type">
                    <entry key="cell_class" type="xstring" value="org.knime.core.data.def.DoubleCell"/>
                </config>
                <config key="column_domain">
                    <config key="lower_bound">
                        <entry key="datacell" type="xstring" value="org.knime.core.data.def.DoubleCell"/>
                        <config key="org.knime.core.data.def.DoubleCell">
                            <entry key="DoubleCell" type="xdouble" value="-0.09899186231195926"/>
                        </config>
                    </config>
                    <config key="upper_bound">
                        <entry key="datacell" type="xstring" value="org.knime.core.data.def.DoubleCell"/>
                        <config key="org.knime.core.data.def.DoubleCell">
                            <entry key="DoubleCell" type="xdouble" value="0.0023079074712263215"/>
                        </config>
                    </config>
                </config>
                <config key="column_properties"/>
                <config key="meta_data"/>
            </config>
            <config key="column_spec_11">
                <entry key="column_name" type="xstring" value="Split Value 10"/>
                <config key="element_names">
                    <entry key="array-size" type="xint" value="0"/>
                </config>
                <config key="column_type">
                    <entry key="cell_class" type="xstring" value="org.knime.core.data.def.DoubleCell"/>
                </config>
                <config key="column_domain">
                    <config key="lower_bound">
                        <entry key="datacell" type="xstring" value="org.knime.core.data.def.DoubleCell"/>
                        <config key="org.knime.core.data.def.DoubleCell">
                            <entry key="DoubleCell" type="xdouble" value="-0.08014777675271034"/>
                        </config>
                    </config>
                    <config key="upper_bound">
                        <entry key="datacell" type="xstring" value="org.knime.core.data.def.DoubleCell"/>
                        <config key="org.knime.core.data.def.DoubleCell">
                            <entry key="DoubleCell" type="xdouble" value="-0.004660202955294933"/>
                        </config>
                    </config>
                </config>
                <config key="column_properties"/>
                <config key="meta_data"/>
            </config>
            <config key="column_spec_12">
                <entry key="column_name" type="xstring" value="Split Value 11"/>
                <config key="element_names">
                    <entry key="array-size" type="xint" value="0"/>
                </config>
                <config key="column_type">
                    <entry key="cell_class" type="xstring" value="org.knime.core.data.def.DoubleCell"/>
                </config>
                <config key="column_domain">
                    <config key="lower_bound">
                        <entry key="datacell" type="xstring" value="org.knime.core.data.def.DoubleCell"/>
                        <config key="org.knime.core.data.def.DoubleCell">
                            <entry key="DoubleCell" type="xdouble" value="0.01054896544665098"/>
                        </config>
                    </config>
                    <config key="upper_bound">
                        <entry key="datacell" type="xstring" value="org.knime.core.data.def.DoubleCell"/>
                        <config key="org.knime.core.data.def.DoubleCell">
                            <entry key="DoubleCell" type="xdouble" value="0.0936228840478829"/>
                        </config>
                    </config>
                </config>
                <config key="column_properties"/>
                <config key="meta_data"/>
            </config>
            <config key="column_spec_13">
                <entry key="column_name" type="xstring" value="Split Value 12"/>
                <config key="element_names">
                    <entry key="array-size" type="xint" value="0"/>
                </config>
                <config key="column_type">
                    <entry key="cell_class" type="xstring" value="org.knime.core.data.def.DoubleCell"/>
                </config>
                <config key="column_domain">
                    <config key="lower_bound">
                        <entry key="datacell" type="xstring" value="org.knime.core.data.def.DoubleCell"/>
                        <config key="org.knime.core.data.def.DoubleCell">
                            <entry key="DoubleCell" type="xdouble" value="-0.002538550231191847"/>
                        </config>
                    </config>
                    <config key="upper_bound">
                        <entry key="datacell" type="xstring" value="org.knime.core.data.def.DoubleCell"/>
                        <config key="org.knime.core.data.def.DoubleCell">
                            <entry key="DoubleCell" type="xdouble" value="0.07857125500837961"/>
                        </config>
                    </config>
                </config>
                <config key="column_properties"/>
                <config key="meta_data"/>
            </config>
            <config key="column_spec_14">
                <entry key="column_name" type="xstring" value="Split Value 13"/>
                <config key="element_names">
                    <entry key="array-size" type="xint" value="0"/>
                </config>
                <config key="column_type">
                    <entry key="cell_class" type="xstring" value="org.knime.core.data.def.DoubleCell"/>
                </config>
                <config key="column_domain">
                    <config key="lower_bound">
                        <entry key="datacell" type="xstring" value="org.knime.core.data.def.DoubleCell"/>
                        <config key="org.knime.core.data.def.DoubleCell">
                            <entry key="DoubleCell" type="xdouble" value="-0.10107829794287682"/>
                        </config>
                    </config>
                    <config key="upper_bound">
                        <entry key="datacell" type="xstring" value="org.knime.core.data.def.DoubleCell"/>
                        <config key="org.knime.core.data.def.DoubleCell">
                            <entry key="DoubleCell" type="xdouble" value="-0.009982103598304093"/>
                        </config>
                    </config>
                </config>
                <config key="column_properties"/>
                <config key="meta_data"/>
            </config>
            <config key="column_spec_15">
                <entry key="column_name" type="xstring" value="Split Value 14"/>
                <config key="element_names">
                    <entry key="array-size" type="xint" value="0"/>
                </config>
                <config key="column_type">
                    <entry key="cell_class" type="xstring" value="org.knime.core.data.def.DoubleCell"/>
                </config>
                <config key="column_domain">
                    <config key="lower_bound">
                        <entry key="datacell" type="xstring" value="org.knime.core.data.def.DoubleCell"/>
                        <config key="org.knime.core.data.def.DoubleCell">
                            <entry key="DoubleCell" type="xdouble" value="-0.09319077664986253"/>
                        </config>
                    </config>
                    <config key="upper_bound">
                        <entry key="datacell" type="xstring" value="org.knime.core.data.def.DoubleCell"/>
                        <config key="org.knime.core.data.def.DoubleCell">
                            <entry key="DoubleCell" type="xdouble" value="6.366287254624896E-4"/>
                        </config>
                    </config>
                </config>
                <config key="column_properties"/>
                <config key="meta_data"/>
            </config>
            <config key="column_spec_16">
                <entry key="column_name" type="xstring" value="Split Value 15"/>
                <config key="element_names">
                    <entry key="array-size" type="xint" value="0"/>
                </config>
                <config key="column_type">
                    <entry key="cell_class" type="xstring" value="org.knime.core.data.def.DoubleCell"/>
                </config>
                <config key="column_domain">
                    <config key="lower_bound">
                        <entry key="datacell" type="xstring" value="org.knime.core.data.def.DoubleCell"/>
                        <config key="org.knime.core.data.def.DoubleCell">
                            <entry key="DoubleCell" type="xdouble" value="-0.07313168964659174"/>
                        </config>
                    </config>
                    <config key="upper_bound">
                        <entry key="datacell" type="xstring" value="org.knime.core.data.def.DoubleCell"/>
                        <config key="org.knime.core.data.def.DoubleCell">
                            <entry key="DoubleCell" type="xdouble" value="-0.002688413051267465"/>
                        </config>
                    </config>
                </config>
                <config key="column_properties"/>
                <config key="meta_data"/>
            </config>
            <config key="column_spec_17">
                <entry key="column_name" type="xstring" value="Split Value 16"/>
                <config key="element_names">
                    <entry key="array-size" type="xint" value="0"/>
                </config>
                <config key="column_type">
                    <entry key="cell_class" type="xstring" value="org.knime.core.data.def.DoubleCell"/>
                </config>
                <config key="column_domain">
                    <config key="lower_bound">
                        <entry key="datacell" type="xstring" value="org.knime.core.data.def.DoubleCell"/>
                        <config key="org.knime.core.data.def.DoubleCell">
                            <entry key="DoubleCell" type="xdouble" value="0.0011772148024577359"/>
                        </config>
                    </config>
                    <config key="upper_bound">
                        <entry key="datacell" type="xstring" value="org.knime.core.data.def.DoubleCell"/>
                        <config key="org.knime.core.data.def.DoubleCell">
                            <entry key="DoubleCell" type="xdouble" value="0.0979022557536761"/>
                        </config>
                    </config>
                </config>
                <config key="column_properties"/>
                <config key="meta_data"/>
            </config>
            <config key="column_spec_18">
                <entry key="column_name" type="xstring" value="Split Value 17"/>
                <config key="element_names">
                    <entry key="array-size" type="xint" value="0"/>
                </config>
                <config key="column_type">
                    <entry key="cell_class" type="xstring" value="org.knime.core.data.def.DoubleCell"/>
                </config>
                <config key="column_domain">
                    <config key="lower_bound">
                        <entry key="datacell" type="xstring" value="org.knime.core.data.def.DoubleCell"/>
                        <config key="org.knime.core.data.def.DoubleCell">
                            <entry key="DoubleCell" type="xdouble" value="-0.02675906502242599"/>
                        </config>
                    </config>
                    <config key="upper_bound">
                        <entry key="datacell" type="xstring" value="org.knime.core.data.def.DoubleCell"/>
                        <config key="org.knime.core.data.def.DoubleCell">
                            <entry key="DoubleCell" type="xdouble" value="0.054620595648884766"/>
                        </config>
                    </config>
                </config>
                <config key="column_properties"/>
                <config key="meta_data"/>
            </config>
            <config key="column_spec_19">
                <entry key="column_name" type="xstring" value="Split Value 18"/>
                <config key="element_names">
                    <entry key="array-size" type="xint" value="0"/>
                </config>
                <config key="column_type">
                    <entry key="cell_class" type="xstring" value="org.knime.core.data.def.DoubleCell"/>
                </config>
                <config key="column_domain">
                    <config key="lower_bound">
                        <entry key="datacell" type="xstring" value="org.knime.core.data.def.DoubleCell"/>
                        <config key="org.knime.core.data.def.DoubleCell">
                            <entry key="DoubleCell" type="xdouble" value="-0.033940449046591915"/>
                        </config>
                    </config>
                    <config key="upper_bound">
                        <entry key="datacell" type="xstring" value="org.knime.core.data.def.DoubleCell"/>
                        <config key="org.knime.core.data.def.DoubleCell">
                            <entry key="DoubleCell" type="xdouble" value="0.027819217089563607"/>
                        </config>
                    </config>
                </config>
                <config key="column_properties"/>
                <config key="meta_data"/>
            </config>
            <config key="column_spec_20">
                <entry key="column_name" type="xstring" value="Split Value 19"/>
                <config key="element_names">
                    <entry key="array-size" type="xint" value="0"/>
                </config>
                <config key="column_type">
                    <entry key="cell_class" type="xstring" value="org.knime.core.data.def.DoubleCell"/>
                </config>
                <config key="column_domain">
                    <config key="lower_bound">
                        <entry key="datacell" type="xstring" value="org.knime.core.data.def.DoubleCell"/>
                        <config key="org.knime.core.data.def.DoubleCell">
                            <entry key="DoubleCell" type="xdouble" value="-0.12661006371490657"/>
                        </config>
                    </config>
                    <config key="upper_bound">
                        <entry key="datacell" type="xstring" value="org.knime.core.data.def.DoubleCell"/>
                        <config key="org.knime.core.data.def.DoubleCell">
                            <entry key="DoubleCell" type="xdouble" value="-0.0051894409116357565"/>
                        </config>
                    </config>
                </config>
                <config key="column_properties"/>
                <config key="meta_data"/>
            </config>
            <config key="column_spec_21">
                <entry key="column_name" type="xstring" value="Split Value 20"/>
                <config key="element_names">
                    <entry key="array-size" type="xint" value="0"/>
                </config>
                <config key="column_type">
                    <entry key="cell_class" type="xstring" value="org.knime.core.data.def.DoubleCell"/>
                </config>
                <config key="column_domain">
                    <config key="lower_bound">
                        <entry key="datacell" type="xstring" value="org.knime.core.data.def.DoubleCell"/>
                        <config key="org.knime.core.data.def.DoubleCell">
                            <entry key="DoubleCell" type="xdouble" value="-0.059585120528936386"/>
                        </config>
                    </config>
                    <config key="upper_bound">
                        <entry key="datacell" type="xstring" value="org.knime.core.data.def.DoubleCell"/>
                        <config key="org.knime.core.data.def.DoubleCell">
                            <entry key="DoubleCell" type="xdouble" value="0.009477886060873669"/>
                        </config>
                    </config>
                </config>
                <config key="column_properties"/>
                <config key="meta_data"/>
            </config>
            <config key="column_spec_22">
                <entry key="column_name" type="xstring" value="Split Value 21"/>
                <config key="element_names">
                    <entry key="array-size" type="xint" value="0"/>
                </config>
                <config key="column_type">
                    <entry key="cell_class" type="xstring" value="org.knime.core.data.def.DoubleCell"/>
                </config>
                <config key="column_domain">
                    <config key="lower_bound">
                        <entry key="datacell" type="xstring" value="org.knime.core.data.def.DoubleCell"/>
                        <config key="org.knime.core.data.def.DoubleCell">
                            <entry key="DoubleCell" type="xdouble" value="-0.0480664490411679"/>
                        </config>
                    </config>
                    <config key="upper_bound">
                        <entry key="datacell" type="xstring" value="org.knime.core.data.def.DoubleCell"/>
                        <config key="org.knime.core.data.def.DoubleCell">
                            <entry key="DoubleCell" type="xdouble" value="0.0323890954023227"/>
                        </config>
                    </config>
                </config>
                <config key="column_properties"/>
                <config key="meta_data"/>
            </config>
            <config key="column_spec_23">
                <entry key="column_name" type="xstring" value="Split Value 22"/>
                <config key="element_names">
                    <entry key="array-size" type="xint" value="0"/>
                </config>
                <config key="column_type">
                    <entry key="cell_class" type="xstring" value="org.knime.core.data.def.DoubleCell"/>
                </config>
                <config key="column_domain">
                    <config key="lower_bound">
                        <entry key="datacell" type="xstring" value="org.knime.core.data.def.DoubleCell"/>
                        <config key="org.knime.core.data.def.DoubleCell">
                            <entry key="DoubleCell" type="xdouble" value="-0.05643734917975962"/>
                        </config>
                    </config>
                    <config key="upper_bound">
                        <entry key="datacell" type="xstring" value="org.knime.core.data.def.DoubleCell"/>
                        <config key="org.knime.core.data.def.DoubleCell">
                            <entry key="DoubleCell" type="xdouble" value="0.03302081794078861"/>
                        </config>
                    </config>
                </config>
                <config key="column_properties"/>
                <config key="meta_data"/>
            </config>
            <config key="column_spec_24">
                <entry key="column_name" type="xstring" value="Split Value 23"/>
                <config key="element_names">
                    <entry key="array-size" type="xint" value="0"/>
                </config>
                <config key="column_type">
                    <entry key="cell_class" type="xstring" value="org.knime.core.data.def.DoubleCell"/>
                </config>
                <config key="column_domain">
                    <config key="lower_bound">
                        <entry key="datacell" type="xstring" value="org.knime.core.data.def.DoubleCell"/>
                        <config key="org.knime.core.data.def.DoubleCell">
                            <entry key="DoubleCell" type="xdouble" value="-0.08985048938881268"/>
                        </config>
                    </config>
                    <config key="upper_bound">
                        <entry key="datacell" type="xstring" value="org.knime.core.data.def.DoubleCell"/>
                        <config key="org.knime.core.data.def.DoubleCell">
                            <entry key="DoubleCell" type="xdouble" value="4.663045983761549E-4"/>
                        </config>
                    </config>
                </config>
                <config key="column_properties"/>
                <config key="meta_data"/>
            </config>
            <config key="column_spec_25">
                <entry key="column_name" type="xstring" value="Split Value 24"/>
                <config key="element_names">
                    <entry key="array-size" type="xint" value="0"/>
                </config>
                <config key="column_type">
                    <entry key="cell_class" type="xstring" value="org.knime.core.data.def.DoubleCell"/>
                </config>
                <config key="column_domain">
                    <config key="lower_bound">
                        <entry key="datacell" type="xstring" value="org.knime.core.data.def.DoubleCell"/>
                        <config key="org.knime.core.data.def.DoubleCell">
                            <entry key="DoubleCell" type="xdouble" value="-0.03445801977068186"/>
                        </config>
                    </config>
                    <config key="upper_bound">
                        <entry key="datacell" type="xstring" value="org.knime.core.data.def.DoubleCell"/>
                        <config key="org.knime.core.data.def.DoubleCell">
                            <entry key="DoubleCell" type="xdouble" value="0.028123192806643518"/>
                        </config>
                    </config>
                </config>
                <config key="column_properties"/>
                <config key="meta_data"/>
            </config>
            <config key="column_spec_26">
                <entry key="column_name" type="xstring" value="Split Value 25"/>
                <config key="element_names">
                    <entry key="array-size" type="xint" value="0"/>
                </config>
                <config key="column_type">
                    <entry key="cell_class" type="xstring" value="org.knime.core.data.def.DoubleCell"/>
                </config>
                <config key="column_domain">
                    <config key="lower_bound">
                        <entry key="datacell" type="xstring" value="org.knime.core.data.def.DoubleCell"/>
                        <config key="org.knime.core.data.def.DoubleCell">
                            <entry key="DoubleCell" type="xdouble" value="-0.10375508833676576"/>
                        </config>
                    </config>
                    <config key="upper_bound">
                        <entry key="datacell" type="xstring" value="org.knime.core.data.def.DoubleCell"/>
                        <config key="org.knime.core.data.def.DoubleCell">
                            <entry key="DoubleCell" type="xdouble" value="-0.009761781373526901"/>
                        </config>
                    </config>
                </config>
                <config key="column_properties"/>
                <config key="meta_data"/>
            </config>
            <config key="column_spec_27">
                <entry key="column_name" type="xstring" value="Split Value 26"/>
                <config key="element_names">
                    <entry key="array-size" type="xint" value="0"/>
                </config>
                <config key="column_type">
                    <entry key="cell_class" type="xstring" value="org.knime.core.data.def.DoubleCell"/>
                </config>
                <config key="column_domain">
                    <config key="lower_bound">
                        <entry key="datacell" type="xstring" value="org.knime.core.data.def.DoubleCell"/>
                        <config key="org.knime.core.data.def.DoubleCell">
                            <entry key="DoubleCell" type="xdouble" value="-0.08032642955206232"/>
                        </config>
                    </config>
                    <config key="upper_bound">
                        <entry key="datacell" type="xstring" value="org.knime.core.data.def.DoubleCell"/>
                        <config key="org.knime.core.data.def.DoubleCell">
                            <entry key="DoubleCell" type="xdouble" value="0.008267407904246024"/>
                        </config>
                    </config>
                </config>
                <config key="column_properties"/>
                <config key="meta_data"/>
            </config>
            <config key="column_spec_28">
                <entry key="column_name" type="xstring" value="Split Value 27"/>
                <config key="element_names">
                    <entry key="array-size" type="xint" value="0"/>
                </config>
                <config key="column_type">
                    <entry key="cell_class" type="xstring" value="org.knime.core.data.def.DoubleCell"/>
                </config>
                <config key="column_domain">
                    <config key="lower_bound">
                        <entry key="datacell" type="xstring" value="org.knime.core.data.def.DoubleCell"/>
                        <config key="org.knime.core.data.def.DoubleCell">
                            <entry key="DoubleCell" type="xdouble" value="-0.026175796054303646"/>
                        </config>
                    </config>
                    <config key="upper_bound">
                        <entry key="datacell" type="xstring" value="org.knime.core.data.def.DoubleCell"/>
                        <config key="org.knime.core.data.def.DoubleCell">
                            <entry key="DoubleCell" type="xdouble" value="0.045449079014360905"/>
                        </config>
                    </config>
                </config>
                <config key="column_properties"/>
                <config key="meta_data"/>
            </config>
            <config key="column_spec_29">
                <entry key="column_name" type="xstring" value="Split Value 28"/>
                <config key="element_names">
                    <entry key="array-size" type="xint" value="0"/>
                </config>
                <config key="column_type">
                    <entry key="cell_class" type="xstring" value="org.knime.core.data.def.DoubleCell"/>
                </config>
                <config key="column_domain">
                    <config key="lower_bound">
                        <entry key="datacell" type="xstring" value="org.knime.core.data.def.DoubleCell"/>
                        <config key="org.knime.core.data.def.DoubleCell">
                            <entry key="DoubleCell" type="xdouble" value="-0.02049294684547931"/>
                        </config>
                    </config>
                    <config key="upper_bound">
                        <entry key="datacell" type="xstring" value="org.knime.core.data.def.DoubleCell"/>
                        <config key="org.knime.core.data.def.DoubleCell">
                            <entry key="DoubleCell" type="xdouble" value="0.0961843691766262"/>
                        </config>
                    </config>
                </config>
                <config key="column_properties"/>
                <config key="meta_data"/>
            </config>
            <config key="column_spec_30">
                <entry key="column_name" type="xstring" value="Split Value 29"/>
                <config key="element_names">
                    <entry key="array-size" type="xint" value="0"/>
                </config>
                <config key="column_type">
                    <entry key="cell_class" type="xstring" value="org.knime.core.data.def.DoubleCell"/>
                </config>
                <config key="column_domain">
                    <config key="lower_bound">
                        <entry key="datacell" type="xstring" value="org.knime.core.data.def.DoubleCell"/>
                        <config key="org.knime.core.data.def.DoubleCell">
                            <entry key="DoubleCell" type="xdouble" value="-0.11153218833108743"/>
                        </config>
                    </config>
                    <config key="upper_bound">
                        <entry key="datacell" type="xstring" value="org.knime.core.data.def.DoubleCell"/>
                        <config key="org.knime.core.data.def.DoubleCell">
                            <entry key="DoubleCell" type="xdouble" value="-0.017784358579260497"/>
                        </config>
                    </config>
                </config>
                <config key="column_properties"/>
                <config key="meta_data"/>
            </config>
            <config key="column_spec_31">
                <entry key="column_name" type="xstring" value="Split Value 30"/>
                <config key="element_names">
                    <entry key="array-size" type="xint" value="0"/>
                </config>
                <config key="column_type">
                    <entry key="cell_class" type="xstring" value="org.knime.core.data.def.DoubleCell"/>
                </config>
                <config key="column_domain">
                    <config key="lower_bound">
                        <entry key="datacell" type="xstring" value="org.knime.core.data.def.DoubleCell"/>
                        <config key="org.knime.core.data.def.DoubleCell">
                            <entry key="DoubleCell" type="xdouble" value="-0.03770231419346398"/>
                        </config>
                    </config>
                    <config key="upper_bound">
                        <entry key="datacell" type="xstring" value="org.knime.core.data.def.DoubleCell"/>
                        <config key="org.knime.core.data.def.DoubleCell">
                            <entry key="DoubleCell" type="xdouble" value="0.03309503011405468"/>
                        </config>
                    </config>
                </config>
                <config key="column_properties"/>
                <config key="meta_data"/>
            </config>
            <config key="column_spec_32">
                <entry key="column_name" type="xstring" value="email_criticality"/>
                <config key="element_names">
                    <entry key="array-size" type="xint" value="0"/>
                </config>
                <config key="column_type">
                    <entry key="cell_class" type="xstring" value="org.knime.core.data.def.StringCell"/>
                </config>
                <config key="column_domain">
                    <config key="possible_values">
                        <entry key="array-size" type="xint" value="3"/>
                        <config key="0">
                            <entry key="datacell" type="xstring" value="org.knime.core.data.def.StringCell"/>
                            <config key="org.knime.core.data.def.StringCell">
                                <entry key="StringCell" type="xstring" value="low"/>
                            </config>
                        </config>
                        <config key="1">
                            <entry key="datacell" type="xstring" value="org.knime.core.data.def.StringCell"/>
                            <config key="org.knime.core.data.def.StringCell">
                                <entry key="StringCell" type="xstring" value="high"/>
                            </config>
                        </config>
                        <config key="2">
                            <entry key="datacell" type="xstring" value="org.knime.core.data.def.StringCell"/>
                            <config key="org.knime.core.data.def.StringCell">
                                <entry key="StringCell" type="xstring" value="medium"/>
                            </config>
                        </config>
                    </config>
                </config>
                <config key="column_properties"/>
                <config key="meta_data"/>
            </config>
        </config>
    </config>
</config>
