<?xml version="1.0" encoding="UTF-8"?>
<config xmlns="http://www.knime.org/2008/09/XMLConfig" xmlns:xsi="http://www.w3.org/2001/XMLSchema-instance" xsi:schemaLocation="http://www.knime.org/2008/09/XMLConfig http://www.knime.org/XMLConfig_2008_09.xsd" key="MiningSchema">
    <config key="learning">
        <entry key="array-size" type="xint" value="32"/>
        <entry key="0" type="xstring" value="sender"/>
        <entry key="1" type="xstring" value="receiver"/>
        <entry key="2" type="xstring" value="Split Value 1"/>
        <entry key="3" type="xstring" value="Split Value 2"/>
        <entry key="4" type="xstring" value="Split Value 3"/>
        <entry key="5" type="xstring" value="Split Value 4"/>
        <entry key="6" type="xstring" value="Split Value 5"/>
        <entry key="7" type="xstring" value="Split Value 6"/>
        <entry key="8" type="xstring" value="Split Value 7"/>
        <entry key="9" type="xstring" value="Split Value 8"/>
        <entry key="10" type="xstring" value="Split Value 9"/>
        <entry key="11" type="xstring" value="Split Value 10"/>
        <entry key="12" type="xstring" value="Split Value 11"/>
        <entry key="13" type="xstring" value="Split Value 12"/>
        <entry key="14" type="xstring" value="Split Value 13"/>
        <entry key="15" type="xstring" value="Split Value 14"/>
        <entry key="16" type="xstring" value="Split Value 15"/>
        <entry key="17" type="xstring" value="Split Value 16"/>
        <entry key="18" type="xstring" value="Split Value 17"/>
        <entry key="19" type="xstring" value="Split Value 18"/>
        <entry key="20" type="xstring" value="Split Value 19"/>
        <entry key="21" type="xstring" value="Split Value 20"/>
        <entry key="22" type="xstring" value="Split Value 21"/>
        <entry key="23" type="xstring" value="Split Value 22"/>
        <entry key="24" type="xstring" value="Split Value 23"/>
        <entry key="25" type="xstring" value="Split Value 24"/>
        <entry key="26" type="xstring" value="Split Value 25"/>
        <entry key="27" type="xstring" value="Split Value 26"/>
        <entry key="28" type="xstring" value="Split Value 27"/>
        <entry key="29" type="xstring" value="Split Value 28"/>
        <entry key="30" type="xstring" value="Split Value 29"/>
        <entry key="31" type="xstring" value="Split Value 30"/>
    </config>
    <config key="target">
        <entry key="array-size" type="xint" value="1"/>
        <entry key="0" type="xstring" value="email_criticality"/>
    </config>
</config>
