<?xml version="1.0" encoding="UTF-8"?>
<config xmlns="http://www.knime.org/2008/09/XMLConfig" xmlns:xsi="http://www.w3.org/2001/XMLSchema-instance" xsi:schemaLocation="http://www.knime.org/2008/09/XMLConfig http://www.knime.org/XMLConfig_2008_09.xsd" key="MiningSchema">
    <config key="learning">
        <entry key="array-size" type="xint" value="155"/>
        <entry key="0" type="xstring" value="receiver"/>
        <entry key="1" type="xstring" value="support"/>
        <entry key="2" type="xstring" value="api"/>
        <entry key="3" type="xstring" value="develop"/>
        <entry key="4" type="xstring" value="iam"/>
        <entry key="5" type="xstring" value="servic"/>
        <entry key="6" type="xstring" value="try"/>
        <entry key="7" type="xstring" value="access"/>
        <entry key="8" type="xstring" value="user"/>
        <entry key="9" type="xstring" value="role"/>
        <entry key="10" type="xstring" value="specif"/>
        <entry key="11" type="xstring" value="limit"/>
        <entry key="12" type="xstring" value="endpoint"/>
        <entry key="13" type="xstring" value="pleas"/>
        <entry key="14" type="xstring" value="provid"/>
        <entry key="15" type="xstring" value="guidanc"/>
        <entry key="16" type="xstring" value="document"/>
        <entry key="17" type="xstring" value="monitor"/>
        <entry key="18" type="xstring" value="dashboard"/>
        <entry key="19" type="xstring" value="past"/>
        <entry key="20" type="xstring" value="hour"/>
        <entry key="21" type="xstring" value="unabl"/>
        <entry key="22" type="xstring" value="data"/>
        <entry key="23" type="xstring" value="perform"/>
        <entry key="24" type="xstring" value="critic"/>
        <entry key="25" type="xstring" value="issu"/>
        <entry key="26" type="xstring" value="system"/>
        <entry key="27" type="xstring" value="advis"/>
        <entry key="28" type="xstring" value="resolut"/>
        <entry key="29" type="xstring" value="time"/>
        <entry key="30" type="xstring" value="updat"/>
        <entry key="31" type="xstring" value="see"/>
        <entry key="32" type="xstring" value="impact"/>
        <entry key="33" type="xstring" value="tri"/>
        <entry key="34" type="xstring" value="log"/>
        <entry key="35" type="xstring" value="persist"/>
        <entry key="36" type="xstring" value="look"/>
        <entry key="37" type="xstring" value="urgent"/>
        <entry key="38" type="xstring" value="applic"/>
        <entry key="39" type="xstring" value="bit"/>
        <entry key="40" type="xstring" value="call"/>
        <entry key="41" type="xstring" value="deploi"/>
        <entry key="42" type="xstring" value="cloud"/>
        <entry key="43" type="xstring" value="platform"/>
        <entry key="44" type="xstring" value="experienc"/>
        <entry key="45" type="xstring" value="intermitt"/>
        <entry key="46" type="xstring" value="outag"/>
        <entry key="47" type="xstring" value="spike"/>
        <entry key="48" type="xstring" value="handl"/>
        <entry key="49" type="xstring" value="immedi"/>
        <entry key="50" type="xstring" value="asap"/>
        <entry key="51" type="xstring" value="integr"/>
        <entry key="52" type="xstring" value="troubl"/>
        <entry key="53" type="xstring" value="understand"/>
        <entry key="54" type="xstring" value="assign"/>
        <entry key="55" type="xstring" value="permiss"/>
        <entry key="56" type="xstring" value="custom"/>
        <entry key="57" type="xstring" value="creat"/>
        <entry key="58" type="xstring" value="team"/>
        <entry key="59" type="xstring" value="resourc"/>
        <entry key="60" type="xstring" value="scale"/>
        <entry key="61" type="xstring" value="manag"/>
        <entry key="62" type="xstring" value="set"/>
        <entry key="63" type="xstring" value="environ"/>
        <entry key="64" type="xstring" value="allow"/>
        <entry key="65" type="xstring" value="configur"/>
        <entry key="66" type="xstring" value="current"/>
        <entry key="67" type="xstring" value="control"/>
        <entry key="68" type="xstring" value="us"/>
        <entry key="69" type="xstring" value="instanc"/>
        <entry key="70" type="xstring" value="alert"/>
        <entry key="71" type="xstring" value="chang"/>
        <entry key="72" type="xstring" value="defin"/>
        <entry key="73" type="xstring" value="mercuri"/>
        <entry key="74" type="xstring" value="project"/>
        <entry key="75" type="xstring" value="error"/>
        <entry key="76" type="xstring" value="languag"/>
        <entry key="77" type="xstring" value="implement"/>
        <entry key="78" type="xstring" value="messag"/>
        <entry key="79" type="xstring" value="function"/>
        <entry key="80" type="xstring" value="relat"/>
        <entry key="81" type="xstring" value="isiah"/>
        <entry key="82" type="xstring" value="featur"/>
        <entry key="83" type="xstring" value="inform"/>
        <entry key="84" type="xstring" value="assist"/>
        <entry key="85" type="xstring" value="sincer"/>
        <entry key="86" type="xstring" value="encount"/>
        <entry key="87" type="xstring" value="name"/>
        <entry key="88" type="xstring" value="incredibli"/>
        <entry key="89" type="xstring" value="consid"/>
        <entry key="90" type="xstring" value="get"/>
        <entry key="91" type="xstring" value="verifi"/>
        <entry key="92" type="xstring" value="correct"/>
        <entry key="93" type="xstring" value="recent"/>
        <entry key="94" type="xstring" value="caus"/>
        <entry key="95" type="xstring" value="major"/>
        <entry key="96" type="xstring" value="disrupt"/>
        <entry key="97" type="xstring" value="investig"/>
        <entry key="98" type="xstring" value="soon"/>
        <entry key="99" type="xstring" value="deploy"/>
        <entry key="100" type="xstring" value="process"/>
        <entry key="101" type="xstring" value="troubleshoot"/>
        <entry key="102" type="xstring" value="exampl"/>
        <entry key="103" type="xstring" value="help"/>
        <entry key="104" type="xstring" value="code"/>
        <entry key="105" type="xstring" value="experi"/>
        <entry key="106" type="xstring" value="signific"/>
        <entry key="107" type="xstring" value="peak"/>
        <entry key="108" type="xstring" value="face"/>
        <entry key="109" type="xstring" value="correctli"/>
        <entry key="110" type="xstring" value="resolv"/>
        <entry key="111" type="xstring" value="compil"/>
        <entry key="112" type="xstring" value="significantli"/>
        <entry key="113" type="xstring" value="root"/>
        <entry key="114" type="xstring" value="suggest"/>
        <entry key="115" type="xstring" value="greatli"/>
        <entry key="116" type="xstring" value="receiv"/>
        <entry key="117" type="xstring" value="fail"/>
        <entry key="118" type="xstring" value="multipl"/>
        <entry key="119" type="xstring" value="request"/>
        <entry key="120" type="xstring" value="respons"/>
        <entry key="121" type="xstring" value="version"/>
        <entry key="122" type="xstring" value="check"/>
        <entry key="123" type="xstring" value="abl"/>
        <entry key="124" type="xstring" value="pinpoint"/>
        <entry key="125" type="xstring" value="follow"/>
        <entry key="126" type="xstring" value="isabella"/>
        <entry key="127" type="xstring" value="requir"/>
        <entry key="128" type="xstring" value="solut"/>
        <entry key="129" type="xstring" value="secur"/>
        <entry key="130" type="xstring" value="prevent"/>
        <entry key="131" type="xstring" value="product"/>
        <entry key="132" type="xstring" value="identifi"/>
        <entry key="133" type="xstring" value="start"/>
        <entry key="134" type="xstring" value="lead"/>
        <entry key="135" type="xstring" value="oper"/>
        <entry key="136" type="xstring" value="step"/>
        <entry key="137" type="xstring" value="increas"/>
        <entry key="138" type="xstring" value="complet"/>
        <entry key="139" type="xstring" value="sever"/>
        <entry key="140" type="xstring" value="authent"/>
        <entry key="141" type="xstring" value="live"/>
        <entry key="142" type="xstring" value="regard"/>
        <entry key="143" type="xstring" value="latenc"/>
        <entry key="144" type="xstring" value="estim"/>
        <entry key="145" type="xstring" value="potenti"/>
        <entry key="146" type="xstring" value="busi"/>
        <entry key="147" type="xstring" value="consist"/>
        <entry key="148" type="xstring" value="detail"/>
        <entry key="149" type="xstring" value="believ"/>
        <entry key="150" type="xstring" value="notic"/>
        <entry key="151" type="xstring" value="improv"/>
        <entry key="152" type="xstring" value="enhanc"/>
        <entry key="153" type="xstring" value="write"/>
        <entry key="154" type="xstring" value="hello"/>
    </config>
    <config key="target">
        <entry key="array-size" type="xint" value="1"/>
        <entry key="0" type="xstring" value="email_types"/>
    </config>
</config>
